ID,学历,身高,购车,月薪,住房,体重,星座,民族,属相,血型,年龄,婚姻,文件名
24496898,大专,178cm,暂未购车,5000～10000元,与父母同住,70公斤,白羊座,汉族,牛,B型,33岁,未婚,新建 Microsoft Excel 工作表.xlsx
182968496,本科,170cm,--,5000～10000元,--,--,白羊座,--,牛,--,33岁,未婚,新建 Microsoft Excel 工作表.xlsx
182901490,本科,168cm,已购车（经济型）,5000～10000元,与父母同住,20公斤,天秤座,汉族,狗,O型,24岁,未婚,新建 Microsoft Excel 工作表.xlsx
24520060,大专,163cm,--,5000～10000元,与人合租,--,天蝎座,汉族,鸡,B型,37岁,未婚,新建 Microsoft Excel 工作表.xlsx
20594293,本科,163cm,暂未购车,5000～10000元,暂未购房,45公斤,天蝎座,汉族,猴,A型,37岁,未婚,新建 Microsoft Excel 工作表.xlsx
20086144,本科,160cm,--,5000～10000元,已购房（无贷款）,52公斤,水瓶座,汉族,猴,O型,37岁,未婚,新建 Microsoft Excel 工作表.xlsx
18246625,本科,164cm,暂未购车,5000～10000元,暂未购房,60公斤,射手座,汉族,猪,A型,34岁,未婚,新建 Microsoft Excel 工作表.xlsx
17063334,本科,175cm,暂未购车,10000～20000元,暂未购房,--,双鱼座,汉族,牛,--,33岁,未婚,新建 Microsoft Excel 工作表.xlsx
16590363,大专,160cm,暂未购车,5000～10000元,与父母同住,45公斤,魔羯座,汉族,鸡,A型,36岁,未婚,新建 Microsoft Excel 工作表.xlsx
15804330,硕士,161cm,暂未购车,10000～20000元,独自租房,45公斤,狮子座,汉族,鸡,AB型,37岁,未婚,新建 Microsoft Excel 工作表.xlsx
4971564,大专,165cm,暂未购车,2000元以下,暂未购房,52公斤,天蝎座,汉族,狗,A型,36岁,未婚,新建 Microsoft Excel 工作表.xlsx
4307283,本科,166cm,暂未购车,5000～10000元,与父母同住,56公斤,魔羯座,汉族,猴,AB型,37岁,未婚,新建 Microsoft Excel 工作表.xlsx
3294094,硕士,170cm,已经购车,10000～20000元,已购房（无贷款）,52公斤,双子座,汉族,鸡,O型,37岁,未婚,新建 Microsoft Excel 工作表.xlsx
183602680,高中中专及以下,161cm,--,2000元以下,--,--,魔羯座,--,鸡,--,24岁,丧偶,新建 Microsoft Excel 工作表.xlsx
183490283,本科,170cm,--,5000～10000元,--,--,双鱼座,--,龙,--,30岁,未婚,新建 Microsoft Excel 工作表.xlsx
183414196,本科,170cm,--,5000～10000元,--,--,双子座,--,狗,--,36岁,未婚,新建 Microsoft Excel 工作表.xlsx
157097278,本科,170cm,暂未购车,5000～10000元,需要时购置,65公斤,魔羯座,汉族,猴,O型,25岁,未婚,新建 Microsoft Excel 工作表.xlsx
146908128,大专,166cm,暂未购车,5000～10000元,暂未购房,56公斤,天蝎座,汉族,马,B型,28岁,未婚,新建 Microsoft Excel 工作表.xlsx
82160091,本科,172cm,暂未购车,2000～5000元,暂未购房,60公斤,双鱼座,汉族,鸡,O型,25岁,"离异,有小孩归对方",新建 Microsoft Excel 工作表.xlsx
19420537,本科,160cm,暂未购车,5000～10000元,暂未购房,--,处女座,汉族,虎,--,32岁,未婚,新建 Microsoft Excel 工作表.xlsx
18609394,大专,160cm,需要时购置,10000～20000元,需要时购置,54公斤,魔羯座,汉族,鼠,O型,33岁,未婚,新建 Microsoft Excel 工作表.xlsx
18210627,本科,168cm,--,5000～10000元,--,--,天秤座,汉族,鸡,A型,37岁,未婚,新建 Microsoft Excel 工作表.xlsx
18124686,本科,170cm,暂未购车,5000～10000元,暂未购房,57公斤,狮子座,汉族,鼠,B型,34岁,未婚,新建 Microsoft Excel 工作表.xlsx
16990385,大专,163cm,暂未购车,5000～10000元,暂未购房,54公斤,天秤座,汉族,猪,B型,35岁,未婚,新建 Microsoft Excel 工作表.xlsx
15008324,本科,165cm,--,5000～10000元,与父母同住,52公斤,水瓶座,汉族,狗,A型,35岁,未婚,新建 Microsoft Excel 工作表.xlsx
183630068,本科,165cm,暂未购车,10000～20000元,与人合租,49公斤,狮子座,汉族,狗,A型,24岁,未婚,新建 Microsoft Excel 工作表.xlsx
183484244,本科,166cm,--,5000～10000元,--,--,处女座,--,羊,--,27岁,未婚,新建 Microsoft Excel 工作表.xlsx
164673010,本科,160cm,暂未购车,5000～10000元,暂未购房,--,天秤座,汉族,龙,--,30岁,未婚,新建 Microsoft Excel 工作表.xlsx
164051162,大专,160cm,暂未购车,5000～10000元,与人合租,49公斤,魔羯座,汉族,猴,--,25岁,未婚,新建 Microsoft Excel 工作表.xlsx
148905213,本科,163cm,暂未购车,5000～10000元,暂未购房,54公斤,天秤座,回族,马,O型,28岁,未婚,新建 Microsoft Excel 工作表.xlsx
145977865,硕士,170cm,暂未购车,5000～10000元,已购房（有贷款）,52公斤,狮子座,蒙古族,猴,保密,26岁,未婚,新建 Microsoft Excel 工作表.xlsx
131262280,硕士,160cm,需要时购置,10000～20000元,已购住房,45公斤,天秤座,汉族,狗,B型,36岁,未婚,新建 Microsoft Excel 工作表.xlsx
94898358,本科,167cm,暂未购车,5000～10000元,已购房（有贷款）,--,白羊座,汉族,猪,其它,35岁,未婚,新建 Microsoft Excel 工作表.xlsx
50426439,本科,160cm,--,5000～10000元,--,48公斤,天蝎座,--,龙,--,30岁,未婚,新建 Microsoft Excel 工作表.xlsx
28544224,硕士,165cm,暂未购车,5000～10000元,已购住房,--,射手座,--,龙,保密,29岁,未婚,新建 Microsoft Excel 工作表.xlsx
27181275,大专,165cm,暂未购车,10000～20000元,暂未购房,54公斤,巨蟹座,汉族,兔,B型,31岁,未婚,新建 Microsoft Excel 工作表.xlsx
26892301,大专,158cm,暂未购车,2000～5000元,独自租房,49公斤,射手座,汉族,鸡,其它,36岁,未婚,新建 Microsoft Excel 工作表.xlsx
26721184,大专,157cm,暂未购车,5000～10000元,与父母同住,--,魔羯座,--,龙,O型,29岁,未婚,新建 Microsoft Excel 工作表.xlsx
21867340,大专,160cm,需要时购置,20000～50000元,需要时购置,49公斤,射手座,汉族,狗,AB型,35岁,未婚,新建 Microsoft Excel 工作表.xlsx
183534461,本科,170cm,--,5000～10000元,--,--,双鱼座,--,虎,--,32岁,未婚,新建 Microsoft Excel 工作表.xlsx
183403160,本科,170cm,--,5000～10000元,--,--,天蝎座,--,兔,--,31岁,未婚,新建 Microsoft Excel 工作表.xlsx
149973737,本科,160cm,已购车（经济型）,5000～10000元,住单位房,47公斤,魔羯座,汉族,羊,B型,26岁,未婚,新建 Microsoft Excel 工作表.xlsx
15804130,硕士,172cm,暂未购车,5000～10000元,暂未购房,--,双子座,汉族,猪,B型,35岁,未婚,新建 Microsoft Excel 工作表.xlsx
15555606,本科,164cm,--,2000～5000元,--,--,天秤座,--,猪,--,35岁,未婚,新建 Microsoft Excel 工作表.xlsx
15282017,本科,160cm,--,2000元以下,--,100公斤,双子座,--,猪,--,35岁,未婚,新建 Microsoft Excel 工作表.xlsx
14892109,大专,171cm,暂未购车,2000～5000元,独自租房,--,狮子座,汉族,狗,O型,36岁,未婚,新建 Microsoft Excel 工作表.xlsx
14678290,双学士,158cm,--,5000～10000元,--,48公斤,天秤座,汉族,虎,A型,32岁,未婚,新建 Microsoft Excel 工作表.xlsx
14588047,大专,165cm,暂未购车,2000～5000元,与人合租,54公斤,天秤座,汉族,猪,B型,35岁,未婚,新建 Microsoft Excel 工作表.xlsx
14395895,大专,163cm,暂未购车,5000～10000元,暂未购房,53公斤,天秤座,汉族,鸡,B型,37岁,未婚,新建 Microsoft Excel 工作表.xlsx
14170859,本科,166cm,暂未购车,2000～5000元,与父母同住,60公斤,处女座,汉族,狗,AB型,36岁,"离异,有小孩归自己",新建 Microsoft Excel 工作表.xlsx
14125636,大专,165cm,--,2000元以下,--,50公斤,魔羯座,汉族,虎,A型,31岁,未婚,新建 Microsoft Excel 工作表.xlsx
13349587,本科,165cm,已经购车,5000～10000元,已购住房,48公斤,双子座,满族,狗,--,36岁,未婚,新建 Microsoft Excel 工作表.xlsx
1756194,大专,163cm,已购车（豪华型）,10000～20000元,已购住房,50公斤,双子座,汉族,牛,A型,33岁,未婚,新建 Microsoft Excel 工作表.xlsx
183451056,本科,170cm,--,5000～10000元,--,--,水瓶座,--,虎,--,32岁,未婚,新建 Microsoft Excel 工作表.xlsx
183412422,本科,170cm,--,5000～10000元,--,--,射手座,--,猴,--,37岁,未婚,新建 Microsoft Excel 工作表.xlsx
183407348,大专,170cm,--,5000～10000元,--,--,狮子座,--,鸡,--,25岁,未婚,新建 Microsoft Excel 工作表.xlsx
183400598,大专,161cm,暂未购车,2000～5000元,与父母同住,50公斤,水瓶座,汉族,虎,B型,32岁,未婚,新建 Microsoft Excel 工作表.xlsx
183370714,本科,164cm,--,5000～10000元,--,--,天秤座,--,马,--,28岁,未婚,新建 Microsoft Excel 工作表.xlsx
183369475,高中中专及以下,167cm,--,5000～10000元,--,--,双子座,--,蛇,--,29岁,未婚,新建 Microsoft Excel 工作表.xlsx
183368291,高中中专及以下,168cm,--,5000～10000元,--,--,白羊座,--,蛇,--,29岁,未婚,新建 Microsoft Excel 工作表.xlsx
183367498,本科,169cm,--,5000～10000元,--,--,天蝎座,--,狗,--,24岁,未婚,新建 Microsoft Excel 工作表.xlsx
167221590,本科,168cm,已购车（中档型）,50000元以上,已购房（无贷款）,60公斤,巨蟹座,汉族,牛,B型,33岁,未婚,新建 Microsoft Excel 工作表.xlsx
165611160,高中中专及以下,163cm,暂未购车,5000～10000元,与人合租,55公斤,天秤座,汉族,虎,保密,32岁,未婚,新建 Microsoft Excel 工作表.xlsx
33851945,大专,172cm,--,5000～10000元,--,--,处女座,汉族,鼠,其它,34岁,未婚,新建 Microsoft Excel 工作表.xlsx
31058569,本科,165cm,--,2000～5000元,--,--,双鱼座,--,虎,--,32岁,未婚,新建 Microsoft Excel 工作表.xlsx
19421206,硕士,168cm,暂未购车,2000～5000元,与父母同住,55公斤,射手座,汉族,猴,O型,37岁,"离异,有小孩归对方",新建 Microsoft Excel 工作表.xlsx
18131732,本科,172cm,--,2000～5000元,--,--,处女座,汉族,狗,O型,36岁,未婚,新建 Microsoft Excel 工作表.xlsx
183452248,本科,170cm,--,5000～10000元,--,--,金牛座,--,狗,--,36岁,未婚,新建 Microsoft Excel 工作表.xlsx
183446553,本科,170cm,--,5000～10000元,--,--,白羊座,--,牛,--,33岁,未婚,新建 Microsoft Excel 工作表.xlsx
183384332,高中中专及以下,165cm,暂未购车,5000～10000元,已购房（无贷款）,50公斤,狮子座,汉族,猴,B型,26岁,未婚,新建 Microsoft Excel 工作表.xlsx
183373105,本科,164cm,--,5000～10000元,--,--,天秤座,--,马,--,28岁,未婚,新建 Microsoft Excel 工作表.xlsx
183372359,本科,164cm,--,5000～10000元,--,--,处女座,--,马,--,28岁,未婚,新建 Microsoft Excel 工作表.xlsx
183366747,大专,169cm,--,5000～10000元,--,--,天蝎座,--,猪,--,23岁,未婚,新建 Microsoft Excel 工作表.xlsx
183365365,大专,165cm,--,5000～10000元,--,--,天秤座,--,鼠,--,34岁,离异,新建 Microsoft Excel 工作表.xlsx
112829940,本科,165cm,暂未购车,5000～10000元,独自租房,58公斤,巨蟹座,汉族,牛,保密,33岁,未婚,新建 Microsoft Excel 工作表.xlsx
3491709,本科,167cm,--,5000～10000元,已购住房,42公斤,白羊座,汉族,牛,保密,33岁,未婚,新建 Microsoft Excel 工作表.xlsx
3370076,大专,163cm,暂未购车,2000～5000元,暂未购房,53公斤,狮子座,汉族,猪,O型,35岁,未婚,新建 Microsoft Excel 工作表.xlsx
2351377,本科,160cm,暂未购车,5000～10000元,暂未购房,47公斤,双子座,汉族,狗,B型,36岁,"离异,无小孩",新建 Microsoft Excel 工作表.xlsx
183408994,本科,160cm,--,5000～10000元,--,--,天秤座,--,牛,--,21岁,未婚,新建 Microsoft Excel 工作表.xlsx
183408642,本科,160cm,--,5000～10000元,--,--,处女座,--,猪,--,23岁,未婚,新建 Microsoft Excel 工作表.xlsx
183403549,本科,170cm,--,5000～10000元,--,--,狮子座,--,蛇,--,29岁,未婚,新建 Microsoft Excel 工作表.xlsx
183402022,本科,170cm,--,5000～10000元,--,--,金牛座,--,虎,--,32岁,未婚,新建 Microsoft Excel 工作表.xlsx
183375162,本科,166cm,--,5000～10000元,--,70公斤,金牛座,汉族,羊,保密,27岁,未婚,新建 Microsoft Excel 工作表.xlsx
183368235,高中中专及以下,166cm,--,5000～10000元,--,--,双子座,--,蛇,--,29岁,未婚,新建 Microsoft Excel 工作表.xlsx
183367114,大专,170cm,--,5000～10000元,--,--,魔羯座,--,猴,--,25岁,未婚,新建 Microsoft Excel 工作表.xlsx
183367037,本科,165cm,--,5000～10000元,--,--,金牛座,--,马,--,28岁,未婚,新建 Microsoft Excel 工作表.xlsx
183366532,本科,168cm,--,5000～10000元,--,--,射手座,--,蛇,--,28岁,未婚,新建 Microsoft Excel 工作表.xlsx
183228267,本科,170cm,--,5000～10000元,--,--,水瓶座,--,鼠,--,33岁,未婚,新建 Microsoft Excel 工作表.xlsx
182882406,博士,167cm,暂未购车,5000～10000元,暂未购房,--,水瓶座,汉族,狗,B型,35岁,未婚,新建 Microsoft Excel 工作表.xlsx
126321924,大专,163cm,需要时购置,2000～5000元,与父母同住,62公斤,处女座,汉族,兔,O型,31岁,未婚,新建 Microsoft Excel 工作表.xlsx
48291187,大专,163cm,暂未购车,5000～10000元,独自租房,50公斤,狮子座,汉族,马,其它,28岁,未婚,新建 Microsoft Excel 工作表.xlsx
20058009,大专,167cm,暂未购车,5000～10000元,已购房（有贷款）,60公斤,魔羯座,汉族,狗,B型,35岁,未婚,新建 Microsoft Excel 工作表.xlsx
183371027,本科,165cm,--,5000～10000元,--,--,天秤座,--,狗,--,24岁,未婚,新建 Microsoft Excel 工作表.xlsx
183370492,本科,165cm,--,5000～10000元,--,--,天秤座,--,马,--,28岁,未婚,新建 Microsoft Excel 工作表.xlsx
183369724,高中中专及以下,164cm,--,5000～10000元,--,--,狮子座,--,龙,--,30岁,未婚,新建 Microsoft Excel 工作表.xlsx
183368683,本科,170cm,--,5000～10000元,--,--,双鱼座,--,龙,--,30岁,未婚,新建 Microsoft Excel 工作表.xlsx
183366893,本科,163cm,--,5000～10000元,--,--,天秤座,--,蛇,--,29岁,未婚,新建 Microsoft Excel 工作表.xlsx
183366807,本科,170cm,--,2000～5000元,--,--,水瓶座,--,鸡,--,24岁,未婚,新建 Microsoft Excel 工作表.xlsx
183363724,本科,189cm,--,5000～10000元,--,--,魔羯座,--,鼠,--,33岁,未婚,新建 Microsoft Excel 工作表.xlsx
173130173,硕士,162cm,--,5000～10000元,已购房（无贷款）,48公斤,魔羯座,汉族,鼠,保密,33岁,"离异,有小孩归自己",新建 Microsoft Excel 工作表.xlsx
19829137,大专,150cm,暂未购车,5000～10000元,已购住房,40公斤,白羊座,汉族,虎,A型,32岁,未婚,新建 Microsoft Excel 工作表.xlsx
19237402,大专,162cm,已经购车,5000～10000元,已购房（有贷款）,48公斤,狮子座,汉族,猪,A型,35岁,未婚,新建 Microsoft Excel 工作表.xlsx
3320996,硕士,160cm,--,5000～10000元,--,--,天蝎座,汉族,猴,O型,38岁,未婚,新建 Microsoft Excel 工作表.xlsx
183349229,本科,160cm,--,5000～10000元,--,--,天秤座,--,狗,--,24岁,未婚,新建 Microsoft Excel 工作表.xlsx
183308650,本科,160cm,--,2000～5000元,--,--,天蝎座,--,鼠,--,34岁,未婚,新建 Microsoft Excel 工作表.xlsx
183296700,本科,170cm,--,5000～10000元,--,--,白羊座,--,牛,--,33岁,未婚,新建 Microsoft Excel 工作表.xlsx
183296105,本科,170cm,--,5000～10000元,--,--,天秤座,--,虎,--,32岁,未婚,新建 Microsoft Excel 工作表.xlsx
183293982,本科,170cm,--,5000～10000元,--,--,水瓶座,--,鼠,--,33岁,未婚,新建 Microsoft Excel 工作表.xlsx
124546342,硕士,163cm,暂未购车,5000～10000元,暂未购房,51公斤,巨蟹座,汉族,兔,B型,31岁,未婚,新建 Microsoft Excel 工作表.xlsx
117560835,大专,175cm,暂未购车,10000～20000元,与人合租,50公斤,双子座,满族,兔,O型,31岁,未婚,新建 Microsoft Excel 工作表.xlsx
106464442,本科,157cm,暂未购车,5000～10000元,暂未购房,46公斤,天蝎座,汉族,羊,O型,27岁,未婚,新建 Microsoft Excel 工作表.xlsx
30373111,本科,160cm,暂未购车,5000～10000元,暂未购房,65公斤,处女座,汉族,牛,A型,33岁,"离异,无小孩",新建 Microsoft Excel 工作表.xlsx
29631929,硕士,160cm,已购车（中档型）,10000～20000元,已购房（有贷款）,--,双子座,汉族,狗,B型,36岁,未婚,新建 Microsoft Excel 工作表.xlsx
29576705,本科,172cm,已购车（经济型）,5000～10000元,暂未购房,65公斤,双子座,汉族,蛇,O型,29岁,未婚,新建 Microsoft Excel 工作表.xlsx
26966805,本科,170cm,暂未购车,10000～20000元,暂未购房,--,金牛座,汉族,鼠,AB型,34岁,未婚,新建 Microsoft Excel 工作表.xlsx
18003505,本科,160cm,已经购车,5000～10000元,与父母同住,49公斤,金牛座,汉族,猪,A型,35岁,未婚,新建 Microsoft Excel 工作表.xlsx
16581849,本科,175cm,暂未购车,10000～20000元,暂未购房,56公斤,狮子座,汉族,鸡,B型,37岁,未婚,新建 Microsoft Excel 工作表.xlsx
183277882,本科,165cm,暂未购车,10000～20000元,已购房（无贷款）,--,射手座,汉族,狗,保密,23岁,未婚,新建 Microsoft Excel 工作表.xlsx
183228731,本科,170cm,--,5000～10000元,--,--,白羊座,--,鼠,--,34岁,未婚,新建 Microsoft Excel 工作表.xlsx
183221047,本科,170cm,--,5000～10000元,--,--,双子座,--,鼠,--,34岁,未婚,新建 Microsoft Excel 工作表.xlsx
183220805,本科,170cm,--,5000～10000元,--,--,射手座,--,牛,--,32岁,未婚,新建 Microsoft Excel 工作表.xlsx
183215482,本科,165cm,暂未购车,5000～10000元,需要时购置,55公斤,双鱼座,汉族,蛇,B型,29岁,未婚,新建 Microsoft Excel 工作表.xlsx
183129140,本科,170cm,--,5000～10000元,--,--,金牛座,--,虎,--,32岁,未婚,新建 Microsoft Excel 工作表.xlsx
152864469,大专,165cm,暂未购车,10000～20000元,与父母同住,--,水瓶座,汉族,兔,O型,31岁,未婚,新建 Microsoft Excel 工作表.xlsx
125554557,本科,165cm,暂未购车,5000～10000元,暂未购房,--,白羊座,汉族,龙,A型,30岁,未婚,新建 Microsoft Excel 工作表.xlsx
50481087,大专,150cm,暂未购车,5000～10000元,暂未购房,45公斤,双子座,汉族,猪,A型,35岁,未婚,新建 Microsoft Excel 工作表.xlsx
47612269,高中中专及以下,160cm,暂未购车,2000～5000元,暂未购房,80公斤,天蝎座,汉族,虎,B型,31岁,未婚,新建 Microsoft Excel 工作表.xlsx
29206901,大专,162cm,暂未购车,5000～10000元,与父母同住,40公斤,射手座,回族,马,A型,27岁,未婚,新建 Microsoft Excel 工作表.xlsx
150387778,高中中专及以下,167cm,暂未购车,10000～20000元,独自租房,46公斤,双子座,汉族,猴,B型,26岁,未婚,新建 Microsoft Excel 工作表.xlsx
144607239,本科,160cm,暂未购车,5000～10000元,与父母同住,48公斤,天蝎座,汉族,狗,A型,35岁,未婚,新建 Microsoft Excel 工作表.xlsx
129167958,大专,168cm,暂未购车,5000～10000元,暂未购房,50公斤,魔羯座,汉族,虎,B型,31岁,"离异,有小孩归对方",新建 Microsoft Excel 工作表.xlsx
25107640,大专,160cm,暂未购车,10000～20000元,已购住房,47公斤,双鱼座,汉族,牛,A型,33岁,未婚,新建 Microsoft Excel 工作表.xlsx
23073557,本科,166cm,暂未购车,20000～50000元,已购房（无贷款）,52公斤,金牛座,汉族,鸡,O型,37岁,未婚,新建 Microsoft Excel 工作表.xlsx
22696586,大专,160cm,暂未购车,5000～10000元,独自租房,48公斤,双鱼座,汉族,猪,O型,35岁,未婚,新建 Microsoft Excel 工作表.xlsx
22320843,大专,165cm,暂未购车,5000～10000元,与人合租,--,巨蟹座,汉族,狗,O型,36岁,未婚,新建 Microsoft Excel 工作表.xlsx
21100863,本科,165cm,暂未购车,10000～20000元,暂未购房,45公斤,天秤座,蒙古族,兔,B型,31岁,未婚,新建 Microsoft Excel 工作表.xlsx
19572870,本科,163cm,暂未购车,10000～20000元,与父母同住,57公斤,双鱼座,汉族,猪,A型,35岁,未婚,新建 Microsoft Excel 工作表.xlsx
19409703,大专,160cm,暂未购车,2000～5000元,与父母同住,50公斤,天秤座,汉族,鼠,A型,34岁,未婚,新建 Microsoft Excel 工作表.xlsx
18578671,硕士,163cm,已购车（经济型）,--,已购房（无贷款）,--,天秤座,汉族,虎,B型,32岁,未婚,新建 Microsoft Excel 工作表.xlsx
14191079,硕士,168cm,已购车（中档型）,5000～10000元,与父母同住,58公斤,天秤座,汉族,猴,O型,38岁,"离异,有小孩归自己",新建 Microsoft Excel 工作表.xlsx
3294094,硕士,170cm,已经购车,10000～20000元,已购房（无贷款）,52公斤,双子座,汉族,鸡,O型,37岁,未婚,新建 Microsoft Excel 工作表.xlsx
1924252,硕士,175cm,暂未购车,20000～50000元,暂未购房,70公斤,双子座,汉族,猪,O型,35岁,未婚,新建 Microsoft Excel 工作表.xlsx
183253038,本科,170cm,--,5000～10000元,--,--,巨蟹座,--,龙,--,30岁,未婚,新建 Microsoft Excel 工作表.xlsx
183151323,本科,170cm,--,5000～10000元,--,--,巨蟹座,--,虎,--,32岁,未婚,新建 Microsoft Excel 工作表.xlsx
183132626,硕士,161cm,已购车（中档型）,10000～20000元,与父母同住,52公斤,处女座,其它民族,鼠,O型,22岁,未婚,新建 Microsoft Excel 工作表.xlsx
174750125,硕士,160cm,暂未购车,20000～50000元,需要时购置,45公斤,金牛座,汉族,蛇,O型,29岁,未婚,新建 Microsoft Excel 工作表.xlsx
150043465,本科,170cm,暂未购车,20000～50000元,已购房（无贷款）,--,白羊座,汉族,猪,O型,35岁,"离异,无小孩",新建 Microsoft Excel 工作表.xlsx
113297649,本科,166cm,暂未购车,2000～5000元,与父母同住,55公斤,双鱼座,汉族,蛇,B型,29岁,未婚,新建 Microsoft Excel 工作表.xlsx
34174695,硕士,160cm,暂未购车,10000～20000元,与人合租,--,水瓶座,汉族,牛,A型,32岁,未婚,新建 Microsoft Excel 工作表.xlsx
32444184,本科,165cm,暂未购车,2000元以下,暂未购房,--,天蝎座,汉族,鸡,B型,37岁,"离异,无小孩",新建 Microsoft Excel 工作表.xlsx
31362808,高中中专及以下,165cm,已购车（经济型）,2000元以下,已购房（有贷款）,53公斤,双子座,汉族,虎,B型,32岁,未婚,新建 Microsoft Excel 工作表.xlsx
29102930,高中中专及以下,130cm,暂未购车,2000元以下,暂未购房,52公斤,水瓶座,汉族,兔,保密,30岁,未婚,新建 Microsoft Excel 工作表.xlsx
13308767,本科,160cm,已购车（经济型）,5000～10000元,与父母同住,--,双子座,汉族,鼠,B型,34岁,未婚,新建 Microsoft Excel 工作表.xlsx
24356140,本科,170cm,已经购车,10000～20000元,与父母同住,52公斤,魔羯座,汉族,虎,A型,31岁,"离异,无小孩",新建 Microsoft Excel 工作表.xlsx
13119744,双学士,162cm,暂未购车,5000～10000元,已购住房,--,巨蟹座,汉族,鸡,O型,37岁,未婚,新建 Microsoft Excel 工作表.xlsx
183131131,本科,170cm,--,5000～10000元,--,--,双子座,--,狗,--,36岁,未婚,新建 Microsoft Excel 工作表.xlsx
182700806,大专,156cm,--,5000～10000元,--,46公斤,魔羯座,汉族,羊,A型,26岁,未婚,新建 Microsoft Excel 工作表.xlsx
116590223,大专,158cm,--,2000～5000元,--,45公斤,天蝎座,汉族,羊,A型,27岁,"离异,无小孩",新建 Microsoft Excel 工作表.xlsx
57610308,本科,161cm,暂未购车,2000～5000元,独自租房,54公斤,天蝎座,汉族,猴,A型,38岁,未婚,新建 Microsoft Excel 工作表.xlsx
27292632,本科,171cm,暂未购车,10000～20000元,已购住房,53公斤,魔羯座,汉族,鼠,B型,33岁,未婚,新建 Microsoft Excel 工作表.xlsx
25309063,硕士,158cm,已购车（经济型）,2000～5000元,与父母同住,47公斤,处女座,汉族,狗,B型,36岁,未婚,新建 Microsoft Excel 工作表.xlsx
23258621,本科,158cm,暂未购车,10000～20000元,已购房（有贷款）,48公斤,白羊座,汉族,牛,--,33岁,未婚,新建 Microsoft Excel 工作表.xlsx
21928499,高中中专及以下,162cm,暂未购车,2000元以下,独自租房,48公斤,金牛座,汉族,鸡,B型,37岁,未婚,新建 Microsoft Excel 工作表.xlsx
19815841,硕士,169cm,暂未购车,2000～5000元,与父母同住,55公斤,射手座,汉族,猪,O型,34岁,未婚,新建 Microsoft Excel 工作表.xlsx
19375158,本科,163cm,已购车（经济型）,10000～20000元,已购房（有贷款）,52公斤,射手座,汉族,猪,O型,34岁,未婚,新建 Microsoft Excel 工作表.xlsx
19348690,本科,163cm,暂未购车,5000～10000元,住单位房,60公斤,双鱼座,满族,狗,A型,36岁,未婚,新建 Microsoft Excel 工作表.xlsx
18912544,本科,161cm,暂未购车,5000～10000元,与父母同住,60公斤,天秤座,汉族,狗,AB型,36岁,未婚,新建 Microsoft Excel 工作表.xlsx
17387428,大专,164cm,暂未购车,10000～20000元,已购房（有贷款）,54公斤,天蝎座,汉族,狗,AB型,36岁,未婚,新建 Microsoft Excel 工作表.xlsx
2632449,本科,162cm,暂未购车,5000～10000元,暂未购房,50公斤,双鱼座,汉族,鸡,O型,37岁,未婚,新建 Microsoft Excel 工作表.xlsx
183157124,本科,170cm,--,5000～10000元,--,--,双子座,--,狗,--,36岁,未婚,新建 Microsoft Excel 工作表.xlsx
183151451,本科,170cm,--,5000～10000元,--,--,巨蟹座,--,龙,--,30岁,未婚,新建 Microsoft Excel 工作表.xlsx
183116261,大专,170cm,暂未购车,5000～10000元,暂未购房,45公斤,天蝎座,汉族,鸡,保密,37岁,未婚,新建 Microsoft Excel 工作表.xlsx
183054414,本科,170cm,--,5000～10000元,--,--,巨蟹座,--,虎,--,32岁,未婚,新建 Microsoft Excel 工作表.xlsx
19914694,高中中专及以下,158cm,暂未购车,5000～10000元,与人合租,54公斤,金牛座,汉族,虎,O型,32岁,未婚,新建 Microsoft Excel 工作表.xlsx
19129995,本科,168cm,已购车（经济型）,10000～20000元,暂未购房,50公斤,天蝎座,汉族,猴,A型,37岁,未婚,新建 Microsoft Excel 工作表.xlsx
17916069,大专,165cm,暂未购车,5000～10000元,暂未购房,--,魔羯座,汉族,牛,B型,32岁,未婚,新建 Microsoft Excel 工作表.xlsx
16581849,本科,175cm,暂未购车,10000～20000元,暂未购房,56公斤,狮子座,汉族,鸡,B型,37岁,未婚,新建 Microsoft Excel 工作表.xlsx
15008324,本科,165cm,--,5000～10000元,与父母同住,52公斤,水瓶座,汉族,狗,A型,35岁,未婚,新建 Microsoft Excel 工作表.xlsx
12943357,大专,160cm,--,5000～10000元,已购住房,46公斤,巨蟹座,汉族,狗,O型,36岁,未婚,新建 Microsoft Excel 工作表.xlsx
11942091,硕士,158cm,暂未购车,5000～10000元,暂未购房,47公斤,狮子座,汉族,牛,保密,33岁,未婚,新建 Microsoft Excel 工作表.xlsx
6872071,本科,156cm,已经购车,5000～10000元,已购住房,46公斤,白羊座,汉族,狗,A型,36岁,未婚,新建 Microsoft Excel 工作表.xlsx
3895906,本科,158cm,暂未购车,2000～5000元,暂未购房,40公斤,天秤座,汉族,猴,O型,38岁,未婚,新建 Microsoft Excel 工作表.xlsx
3765839,本科,173cm,暂未购车,10000～20000元,暂未购房,58公斤,天蝎座,汉族,猪,B型,35岁,未婚,新建 Microsoft Excel 工作表.xlsx
183128633,本科,170cm,--,5000～10000元,--,--,金牛座,--,鼠,--,34岁,未婚,新建 Microsoft Excel 工作表.xlsx
183125165,本科,170cm,--,5000～10000元,--,--,白羊座,--,虎,--,32岁,未婚,新建 Microsoft Excel 工作表.xlsx
183056741,本科,170cm,--,5000～10000元,--,--,狮子座,--,鼠,--,34岁,未婚,新建 Microsoft Excel 工作表.xlsx
173096901,本科,162cm,暂未购车,5000～10000元,暂未购房,45公斤,双鱼座,汉族,鼠,A型,34岁,未婚,新建 Microsoft Excel 工作表.xlsx
173036196,大专,170cm,暂未购车,2000～5000元,暂未购房,--,射手座,汉族,鸡,A型,24岁,未婚,新建 Microsoft Excel 工作表.xlsx
98591896,本科,160cm,暂未购车,5000～10000元,与父母同住,--,天蝎座,汉族,鼠,A型,34岁,未婚,新建 Microsoft Excel 工作表.xlsx
92915282,本科,168cm,暂未购车,5000～10000元,与父母同住,--,处女座,汉族,牛,B型,33岁,未婚,新建 Microsoft Excel 工作表.xlsx
40345163,本科,160cm,暂未购车,10000～20000元,已购房（无贷款）,52公斤,射手座,汉族,鸡,A型,36岁,未婚,新建 Microsoft Excel 工作表.xlsx
39002596,本科,165cm,暂未购车,5000～10000元,独自租房,55公斤,魔羯座,汉族,虎,B型,31岁,未婚,新建 Microsoft Excel 工作表.xlsx
33764703,本科,153cm,暂未购车,2000～5000元,与父母同住,80公斤,双鱼座,满族,牛,B型,33岁,未婚,新建 Microsoft Excel 工作表.xlsx
32805521,本科,165cm,暂未购车,10000～20000元,暂未购房,54公斤,魔羯座,满族,猴,保密,37岁,未婚,新建 Microsoft Excel 工作表.xlsx
31854457,大专,170cm,暂未购车,2000元以下,与父母同住,60公斤,双鱼座,汉族,虎,AB型,32岁,未婚,新建 Microsoft Excel 工作表.xlsx
28123144,高中中专及以下,155cm,暂未购车,5000～10000元,独自租房,60公斤,处女座,汉族,蛇,A型,29岁,"离异,无小孩",新建 Microsoft Excel 工作表.xlsx
183128467,本科,167cm,--,5000～10000元,--,--,魔羯座,--,猪,--,34岁,未婚,新建 Microsoft Excel 工作表.xlsx
146370969,本科,165cm,已购车（经济型）,5000～10000元,与父母同住,40公斤,双子座,汉族,狗,A型,36岁,未婚,新建 Microsoft Excel 工作表.xlsx
132388201,本科,165cm,暂未购车,10000～20000元,暂未购房,55公斤,魔羯座,汉族,鸡,B型,36岁,"离异,无小孩",新建 Microsoft Excel 工作表.xlsx
124546342,硕士,163cm,暂未购车,5000～10000元,暂未购房,51公斤,巨蟹座,汉族,兔,B型,31岁,未婚,新建 Microsoft Excel 工作表.xlsx
116592958,本科,161cm,暂未购车,20000～50000元,暂未购房,--,射手座,汉族,龙,B型,29岁,未婚,新建 Microsoft Excel 工作表.xlsx
98087627,本科,166cm,暂未购车,2000～5000元,暂未购房,49公斤,双子座,汉族,马,其它,28岁,未婚,新建 Microsoft Excel 工作表.xlsx
48339886,本科,172cm,--,5000～10000元,与父母同住,55公斤,金牛座,汉族,鸡,A型,37岁,未婚,新建 Microsoft Excel 工作表.xlsx
47179427,本科,160cm,暂未购车,10000～20000元,已购房（有贷款）,48公斤,天秤座,汉族,牛,A型,33岁,未婚,新建 Microsoft Excel 工作表.xlsx
31299968,高中中专及以下,160cm,暂未购车,5000～10000元,暂未购房,--,射手座,汉族,鼠,A型,33岁,未婚,新建 Microsoft Excel 工作表.xlsx
26463050,本科,160cm,暂未购车,5000～10000元,独自租房,--,双鱼座,汉族,鸡,A型,37岁,未婚,新建 Microsoft Excel 工作表.xlsx
26443122,本科,176cm,暂未购车,5000～10000元,与父母同住,90公斤,狮子座,汉族,猪,A型,35岁,"离异,无小孩",新建 Microsoft Excel 工作表.xlsx
183008595,本科,170cm,--,5000～10000元,--,--,金牛座,--,鼠,--,34岁,未婚,新建 Microsoft Excel 工作表.xlsx
182985192,大专,160cm,暂未购车,5000～10000元,暂未购房,55公斤,魔羯座,汉族,猴,O型,25岁,未婚,新建 Microsoft Excel 工作表.xlsx
182976673,本科,170cm,--,5000～10000元,--,--,白羊座,--,鼠,--,34岁,未婚,新建 Microsoft Excel 工作表.xlsx
104699517,本科,170cm,--,5000～10000元,--,--,双鱼座,--,蛇,--,29岁,未婚,新建 Microsoft Excel 工作表.xlsx
93058513,硕士,160cm,已购车（经济型）,10000～20000元,与父母同住,44公斤,巨蟹座,汉族,龙,A型,30岁,"离异,无小孩",新建 Microsoft Excel 工作表.xlsx
19264677,本科,163cm,暂未购车,10000～20000元,已购住房,58公斤,魔羯座,汉族,鼠,O型,33岁,未婚,新建 Microsoft Excel 工作表.xlsx
17320848,硕士,168cm,--,5000～10000元,已购房（无贷款）,57公斤,双鱼座,汉族,牛,--,33岁,未婚,新建 Microsoft Excel 工作表.xlsx
17131964,本科,167cm,暂未购车,10000～20000元,独自租房,58公斤,天秤座,汉族,鼠,B型,34岁,"离异,无小孩",新建 Microsoft Excel 工作表.xlsx
13308767,本科,160cm,已购车（经济型）,5000～10000元,与父母同住,--,双子座,汉族,鼠,B型,34岁,未婚,新建 Microsoft Excel 工作表.xlsx
12678622,硕士,170cm,--,5000～10000元,--,55公斤,魔羯座,--,狗,--,35岁,未婚,新建 Microsoft Excel 工作表.xlsx
12237362,本科,165cm,--,2000～5000元,--,--,狮子座,汉族,狗,--,36岁,未婚,新建 Microsoft Excel 工作表.xlsx
11800475,硕士,168cm,--,20000～50000元,--,48公斤,双鱼座,汉族,猪,O型,35岁,未婚,新建 Microsoft Excel 工作表.xlsx
5004089,硕士,170cm,暂未购车,5000～10000元,暂未购房,65公斤,狮子座,汉族,鼠,B型,34岁,未婚,新建 Microsoft Excel 工作表.xlsx
155363789,高中中专及以下,157cm,需要时购置,5000～10000元,与父母同住,50公斤,巨蟹座,汉族,龙,B型,30岁,未婚,新建 Microsoft Excel 工作表.xlsx
31292102,大专,160cm,--,5000～10000元,与人合租,48公斤,处女座,汉族,猴,B型,38岁,未婚,新建 Microsoft Excel 工作表.xlsx
31163394,本科,158cm,暂未购车,2000～5000元,独自租房,--,魔羯座,汉族,狗,AB型,35岁,未婚,新建 Microsoft Excel 工作表.xlsx
29704520,硕士,161cm,暂未购车,5000～10000元,住单位房,--,天秤座,--,猴,--,38岁,未婚,新建 Microsoft Excel 工作表.xlsx
29479661,硕士,168cm,暂未购车,5000～10000元,独自租房,--,狮子座,汉族,牛,AB型,33岁,未婚,新建 Microsoft Excel 工作表.xlsx
28838984,本科,155cm,暂未购车,10000～20000元,独自租房,--,双子座,汉族,鼠,A型,34岁,未婚,新建 Microsoft Excel 工作表.xlsx
28353379,本科,160cm,暂未购车,5000～10000元,住亲朋家,--,魔羯座,汉族,猴,B型,37岁,未婚,新建 Microsoft Excel 工作表.xlsx
28267793,双学士,158cm,已购车（中档型）,10000～20000元,已购房（无贷款）,46公斤,白羊座,汉族,兔,B型,31岁,未婚,新建 Microsoft Excel 工作表.xlsx
27478370,大专,163cm,暂未购车,2000元以下,独自租房,62公斤,水瓶座,汉族,牛,B型,32岁,未婚,新建 Microsoft Excel 工作表.xlsx
26607708,本科,157cm,暂未购车,5000～10000元,独自租房,47公斤,巨蟹座,汉族,虎,AB型,32岁,"离异,无小孩",新建 Microsoft Excel 工作表.xlsx
25107640,大专,160cm,暂未购车,10000～20000元,已购住房,47公斤,双鱼座,汉族,牛,A型,33岁,未婚,新建 Microsoft Excel 工作表.xlsx
22433448,大专,162cm,暂未购车,10000～20000元,已购住房,--,双鱼座,汉族,牛,B型,33岁,未婚,新建 Microsoft Excel 工作表.xlsx
182969565,本科,174cm,--,5000～10000元,--,--,双子座,--,兔,--,31岁,未婚,新建 Microsoft Excel 工作表.xlsx
182906388,本科,165cm,已购车（中档型）,5000～10000元,与父母同住,50公斤,巨蟹座,汉族,猴,O型,26岁,未婚,新建 Microsoft Excel 工作表.xlsx
182884328,高中中专及以下,162cm,--,2000～5000元,--,--,巨蟹座,--,鸡,--,25岁,未婚,新建 Microsoft Excel 工作表.xlsx
182873742,本科,170cm,--,5000～10000元,--,--,水瓶座,--,鼠,--,34岁,未婚,新建 Microsoft Excel 工作表.xlsx
182832244,本科,161cm,已购车（中档型）,5000～10000元,已购房（无贷款）,96公斤,巨蟹座,汉族,羊,O型,27岁,未婚,新建 Microsoft Excel 工作表.xlsx
181846508,本科,165cm,已经购车,20000～50000元,已购房（有贷款）,46公斤,双子座,汉族,猴,保密,26岁,"离异,有小孩归自己",新建 Microsoft Excel 工作表.xlsx
99044124,本科,162cm,已经购车,5000～10000元,与父母同住,51公斤,天蝎座,汉族,鸡,B型,36岁,未婚,新建 Microsoft Excel 工作表.xlsx
59746287,高中中专及以下,160cm,暂未购车,2000元以下,暂未购房,--,水瓶座,汉族,兔,--,31岁,未婚,新建 Microsoft Excel 工作表.xlsx
26978633,大专,165cm,已购车（中档型）,5000～10000元,暂未购房,42公斤,巨蟹座,汉族,龙,B型,30岁,未婚,新建 Microsoft Excel 工作表.xlsx
24426222,高中中专及以下,160cm,暂未购车,5000～10000元,暂未购房,64公斤,巨蟹座,汉族,鼠,O型,34岁,未婚,新建 Microsoft Excel 工作表.xlsx
22111275,本科,172cm,暂未购车,5000～10000元,暂未购房,--,射手座,汉族,虎,B型,31岁,未婚,新建 Microsoft Excel 工作表.xlsx
18436851,高中中专及以下,160cm,暂未购车,5000～10000元,暂未购房,48公斤,狮子座,汉族,鼠,O型,34岁,未婚,新建 Microsoft Excel 工作表.xlsx
12301991,大专,158cm,暂未购车,2000～5000元,暂未购房,46公斤,魔羯座,汉族,鸡,B型,36岁,未婚,新建 Microsoft Excel 工作表.xlsx
3397542,本科,171cm,已经购车,5000～10000元,与父母同住,--,天秤座,汉族,猪,A型,35岁,未婚,新建 Microsoft Excel 工作表.xlsx
182902603,本科,170cm,--,5000～10000元,--,--,狮子座,--,羊,--,27岁,未婚,新建 Microsoft Excel 工作表.xlsx
182902440,本科,170cm,--,5000～10000元,--,--,白羊座,--,猪,--,35岁,未婚,新建 Microsoft Excel 工作表.xlsx
182902137,本科,170cm,--,5000～10000元,--,--,金牛座,--,龙,--,30岁,未婚,新建 Microsoft Excel 工作表.xlsx
182882715,大专,158cm,暂未购车,2000～5000元,与父母同住,49公斤,天蝎座,汉族,虎,O型,32岁,"离异,有小孩归自己",新建 Microsoft Excel 工作表.xlsx
182877226,本科,170cm,--,5000～10000元,--,--,双鱼座,--,兔,--,31岁,未婚,新建 Microsoft Excel 工作表.xlsx
182829063,本科,167cm,--,2000元以下,--,--,巨蟹座,--,龙,--,30岁,未婚,新建 Microsoft Excel 工作表.xlsx
182826442,本科,175cm,--,2000～5000元,--,--,狮子座,--,狗,--,24岁,未婚,新建 Microsoft Excel 工作表.xlsx
182807610,本科,165cm,--,10000～20000元,与父母同住,--,双子座,汉族,蛇,--,29岁,未婚,新建 Microsoft Excel 工作表.xlsx
182784746,本科,170cm,--,5000～10000元,--,--,魔羯座,--,猪,--,22岁,未婚,新建 Microsoft Excel 工作表.xlsx
160584994,本科,157cm,暂未购车,10000～20000元,独自租房,40公斤,魔羯座,汉族,蛇,其它,28岁,未婚,新建 Microsoft Excel 工作表.xlsx
20979833,本科,160cm,--,5000～10000元,--,--,魔羯座,汉族,猴,保密,37岁,未婚,新建 Microsoft Excel 工作表.xlsx
18631937,双学士,169cm,暂未购车,10000～20000元,已购房（无贷款）,51公斤,双子座,汉族,牛,B型,33岁,未婚,新建 Microsoft Excel 工作表.xlsx
15008324,本科,165cm,--,5000～10000元,与父母同住,52公斤,水瓶座,汉族,狗,A型,35岁,未婚,新建 Microsoft Excel 工作表.xlsx
12505309,本科,154cm,暂未购车,5000～10000元,独自租房,46公斤,水瓶座,汉族,狗,A型,35岁,"离异,无小孩",新建 Microsoft Excel 工作表.xlsx
181891938,高中中专及以下,163cm,--,2000～5000元,--,--,天秤座,--,狗,--,24岁,未婚,新建 Microsoft Excel 工作表.xlsx
175916728,本科,179cm,--,10000～20000元,--,--,巨蟹座,--,虎,--,32岁,未婚,新建 Microsoft Excel 工作表.xlsx
172728755,高中中专及以下,170cm,暂未购车,2000～5000元,与父母同住,58公斤,魔羯座,汉族,兔,A型,30岁,未婚,新建 Microsoft Excel 工作表.xlsx
125567457,大专,172cm,暂未购车,5000～10000元,暂未购房,70公斤,巨蟹座,汉族,兔,AB型,31岁,未婚,新建 Microsoft Excel 工作表.xlsx
103434479,硕士,160cm,需要时购置,5000～10000元,与父母同住,--,双鱼座,汉族,狗,A型,36岁,未婚,新建 Microsoft Excel 工作表.xlsx
101145096,本科,163cm,需要时购置,10000～20000元,需要时购置,48公斤,双鱼座,汉族,虎,O型,33岁,"离异,无小孩",新建 Microsoft Excel 工作表.xlsx
92079720,硕士,165cm,暂未购车,20000～50000元,需要时购置,50公斤,巨蟹座,汉族,鸡,O型,37岁,未婚,新建 Microsoft Excel 工作表.xlsx
57919150,本科,163cm,暂未购车,5000～10000元,暂未购房,--,天蝎座,其它民族,牛,其它,33岁,未婚,新建 Microsoft Excel 工作表.xlsx
44100790,高中中专及以下,160cm,暂未购车,2000元以下,暂未购房,48公斤,水瓶座,汉族,兔,AB型,31岁,未婚,新建 Microsoft Excel 工作表.xlsx
23493867,本科,155cm,已购车（中档型）,10000～20000元,已购房（有贷款）,45公斤,天蝎座,汉族,猴,其它,38岁,未婚,新建 Microsoft Excel 工作表.xlsx
3330184,本科,160cm,暂未购车,10000～20000元,暂未购房,48公斤,射手座,汉族,猴,AB型,37岁,未婚,新建 Microsoft Excel 工作表.xlsx
179484384,大专,171cm,--,2000～5000元,--,--,狮子座,--,蛇,--,29岁,未婚,新建 Microsoft Excel 工作表.xlsx
179427447,大专,170cm,--,2000～5000元,--,--,双鱼座,--,狗,--,24岁,未婚,新建 Microsoft Excel 工作表.xlsx
179162481,大专,166cm,--,5000～10000元,--,--,巨蟹座,--,鸡,--,25岁,未婚,新建 Microsoft Excel 工作表.xlsx
126654002,大专,160cm,暂未购车,2000～5000元,住亲朋家,55公斤,白羊座,汉族,鸡,B型,37岁,"离异,有小孩归对方",新建 Microsoft Excel 工作表.xlsx
164726586,大专,155cm,--,5000～10000元,与人合租,100公斤,魔羯座,汉族,鼠,--,33岁,"离异,无小孩",新建 Microsoft Excel 工作表.xlsx
47179427,本科,160cm,暂未购车,10000～20000元,已购房（有贷款）,48公斤,天秤座,汉族,牛,A型,33岁,未婚,新建 Microsoft Excel 工作表.xlsx
28591175,大专,155cm,需要时购置,5000～10000元,与人合租,45公斤,双子座,汉族,虎,B型,32岁,未婚,新建 Microsoft Excel 工作表.xlsx
27609048,大专,157cm,暂未购车,5000～10000元,暂未购房,--,巨蟹座,汉族,羊,A型,27岁,未婚,新建 Microsoft Excel 工作表.xlsx
26195396,大专,158cm,暂未购车,5000～10000元,与父母同住,48公斤,处女座,汉族,猴,B型,38岁,未婚,新建 Microsoft Excel 工作表.xlsx
